child,cohort,gender,age,unoccupied,solitary,onlooker,parallel,associative,cooperative,soc_particip,bossy,pos_affect,awkward,predom,prop_unocc,prop_solitary,prop_onlooker,prop_parallel,prop_assoc,prop_coop
1,0,female,3,0,8,8,14,0,0,2,NA,NA,NA,parallel,0,0.26666666666666666,0.26666666666666666,0.4666666666666667,0,0
2,0,male,3,0,0,4,16,0,10,4,NA,NA,NA,parallel,0,0,0.13333333333333333,0.5333333333333333,0,0.3333333333333333
3,0,male,3,0,18,0,10,2,0,3,NA,NA,NA,solitary,0,0.6,0,0.3333333333333333,0.06666666666666667,0
4,0,male,3,0,4,7,2,2,15,5,NA,NA,NA,cooperative,0,0.13333333333333333,0.23333333333333334,0.06666666666666667,0.06666666666666667,0.5
5,0,female,3,4,4,7,11,4,0,4,NA,NA,NA,parallel,0.13333333333333333,0.13333333333333333,0.23333333333333334,0.36666666666666664,0.13333333333333333,0
6,0,female,3,7,5,0,12,6,0,5,NA,NA,NA,parallel,0.23333333333333334,0.16666666666666666,0,0.4,0.2,0
7,0,female,3,0,2,10,8,7,3,4,NA,NA,NA,onlooker,0,0.06666666666666667,0.3333333333333333,0.26666666666666666,0.23333333333333334,0.1
8,0,female,3,0,10,0,7,13,0,3,NA,NA,NA,associative,0,0.3333333333333333,0,0.23333333333333334,0.43333333333333335,0
9,0,male,3,0,4,1,6,14,5,5,NA,NA,NA,associative,0,0.13333333333333333,0.03333333333333333,0.2,0.4666666666666667,0.16666666666666666
10,0,female,3,0,0,0,10,14,6,5,NA,NA,NA,associative,0,0,0,0.3333333333333333,0.4666666666666667,0.2
11,0,male,3,0,12,1,0,16,1,3,NA,NA,NA,associative,0,0.4,0.03333333333333333,0,0.5333333333333333,0.03333333333333333
12,0,male,3,0,12,0,1,17,0,4,NA,NA,NA,associative,0,0.4,0,0.03333333333333333,0.5666666666666667,0
13,0,male,4,2,4,0,24,0,0,4,NA,NA,NA,parallel,0.06666666666666667,0.13333333333333333,0,0.8,0,0
14,0,female,4,4,7,6,13,0,0,3,NA,NA,NA,parallel,0.13333333333333333,0.23333333333333334,0.2,0.43333333333333335,0,0
15,0,female,4,1,16,3,10,0,0,3,NA,NA,NA,solitary,0.03333333333333333,0.5333333333333333,0.1,0.3333333333333333,0,0
16,0,female,4,0,29,1,0,0,0,3,NA,NA,NA,solitary,0,0.9666666666666667,0.03333333333333333,0,0,0
17,0,male,4,0,7,0,22,0,1,4,NA,NA,NA,parallel,0,0.23333333333333334,0,0.7333333333333333,0,0.03333333333333333
18,0,male,4,1,24,2,2,1,0,3,NA,NA,NA,solitary,0.03333333333333333,0.8,0.06666666666666667,0.06666666666666667,0.03333333333333333,0
19,0,male,4,2,15,6,5,1,1,4,NA,NA,NA,solitary,0.06666666666666667,0.5,0.2,0.16666666666666666,0.03333333333333333,0.03333333333333333
20,0,female,4,0,15,0,13,2,0,3,NA,NA,NA,solitary,0,0.5,0,0.43333333333333335,0.06666666666666667,0
21,0,male,4,4,5,2,17,2,0,4,NA,NA,NA,parallel,0.13333333333333333,0.16666666666666666,0.06666666666666667,0.5666666666666667,0.06666666666666667,0
22,0,male,4,4,8,0,12,5,1,5,NA,NA,NA,parallel,0.13333333333333333,0.26666666666666666,0,0.4,0.16666666666666666,0.03333333333333333
23,0,male,4,0,3,0,7,6,14,5,NA,NA,NA,cooperative,0,0.1,0,0.23333333333333334,0.2,0.4666666666666667
24,0,female,4,2,10,4,7,7,0,3,NA,NA,NA,solitary,0.06666666666666667,0.3333333333333333,0.13333333333333333,0.23333333333333334,0.23333333333333334,0
25,0,female,4,0,0,0,7,7,16,5,NA,NA,NA,cooperative,0,0,0,0.23333333333333334,0.23333333333333334,0.5333333333333333
26,0,male,4,12,0,4,0,9,5,3,NA,NA,NA,unoccupied,0.4,0,0.13333333333333333,0,0.3,0.16666666666666666
27,0,male,4,0,0,0,4,12,14,5,NA,NA,NA,cooperative,0,0,0,0.13333333333333333,0.4,0.4666666666666667
28,0,male,4,0,0,0,7,23,0,5,NA,NA,NA,associative,0,0,0,0.23333333333333334,0.7666666666666667,0
29,0,male,5,0,0,0,8,0,22,3,NA,NA,NA,cooperative,0,0,0,0.26666666666666666,0,0.7333333333333333
30,0,female,5,0,2,6,5,4,13,4,NA,NA,NA,cooperative,0,0.06666666666666667,0.2,0.16666666666666666,0.13333333333333333,0.43333333333333335
31,0,female,5,0,0,0,1,7,22,5,NA,NA,NA,cooperative,0,0,0,0.03333333333333333,0.23333333333333334,0.7333333333333333
32,0,female,5,0,6,0,0,8,16,4,NA,NA,NA,cooperative,0,0.2,0,0,0.26666666666666666,0.5333333333333333
33,0,female,5,0,2,2,9,10,7,4,NA,NA,NA,associative,0,0.06666666666666667,0.06666666666666667,0.3,0.3333333333333333,0.23333333333333334
34,0,male,5,0,6,0,0,14,10,4,NA,NA,NA,associative,0,0.2,0,0,0.4666666666666667,0.3333333333333333
35,0,male,5,0,2,0,0,14,14,4,NA,NA,NA,NA,0,0.06666666666666667,0,0,0.4666666666666667,0.4666666666666667
36,0,male,5,0,10,0,0,15,5,3,NA,NA,NA,associative,0,0.3333333333333333,0,0,0.5,0.16666666666666666
37,0,female,5,0,0,1,8,20,1,5,NA,NA,NA,associative,0,0,0.03333333333333333,0.26666666666666666,0.6666666666666666,0.03333333333333333
38,0,female,5,0,0,1,0,20,9,5,NA,NA,NA,associative,0,0,0.03333333333333333,0,0.6666666666666666,0.3
39,0,female,3,3,21,0,0,5,1,3,NA,NA,NA,solitary,0.1,0.7,0,0,0.16666666666666666,0.03333333333333333
40,0,female,3,0,20,0,1,8,1,3,NA,NA,NA,solitary,0,0.6666666666666666,0,0.03333333333333333,0.26666666666666666,0.03333333333333333
41,0,male,3,0,7,3,6,10,4,4,NA,NA,NA,associative,0,0.23333333333333334,0.1,0.2,0.3333333333333333,0.13333333333333333
42,0,male,3,1,7,4,3,10,5,5,NA,NA,NA,associative,0.03333333333333333,0.23333333333333334,0.13333333333333333,0.1,0.3333333333333333,0.16666666666666666
43,0,female,3,0,13,2,0,15,0,4,NA,NA,NA,associative,0,0.43333333333333335,0.06666666666666667,0,0.5,0
44,0,female,3,0,8,3,0,19,0,4,NA,NA,NA,associative,0,0.26666666666666666,0.1,0,0.6333333333333333,0
45,0,male,3,0,0,0,6,24,0,5,NA,NA,NA,associative,0,0,0,0.2,0.8,0
46,0,male,3,0,0,0,0,30,0,5,NA,NA,NA,associative,0,0,0,0,1,0
47,0,female,4,5,11,0,14,0,0,4,NA,NA,NA,parallel,0.16666666666666666,0.36666666666666664,0,0.4666666666666667,0,0
48,0,male,4,0,1,3,0,0,26,5,NA,NA,NA,cooperative,0,0.03333333333333333,0.1,0,0,0.8666666666666667
49,0,female,4,3,16,2,8,1,0,4,NA,NA,NA,solitary,0.1,0.5333333333333333,0.06666666666666667,0.26666666666666666,0.03333333333333333,0
50,0,male,4,1,16,2,5,1,5,3,NA,NA,NA,solitary,0.03333333333333333,0.5333333333333333,0.06666666666666667,0.16666666666666666,0.03333333333333333,0.16666666666666666
51,0,male,4,4,12,5,6,3,0,3,NA,NA,NA,solitary,0.13333333333333333,0.4,0.16666666666666666,0.2,0.1,0
52,0,female,4,3,20,2,2,3,0,3,NA,NA,NA,solitary,0.1,0.6666666666666666,0.06666666666666667,0.06666666666666667,0.1,0
53,0,male,4,0,1,0,17,5,7,5,NA,NA,NA,parallel,0,0.03333333333333333,0,0.5666666666666667,0.16666666666666666,0.23333333333333334
54,0,male,4,9,13,2,0,6,0,5,NA,NA,NA,solitary,0.3,0.43333333333333335,0.06666666666666667,0,0.2,0
55,0,male,4,0,5,3,0,8,14,5,NA,NA,NA,cooperative,0,0.16666666666666666,0.1,0,0.26666666666666666,0.4666666666666667
56,0,male,4,0,4,5,1,16,4,4,NA,NA,NA,associative,0,0.13333333333333333,0.16666666666666666,0.03333333333333333,0.5333333333333333,0.13333333333333333
57,0,male,4,0,5,0,0,16,9,5,NA,NA,NA,associative,0,0.16666666666666666,0,0,0.5333333333333333,0.3
58,0,female,4,6,1,0,6,17,0,4,NA,NA,NA,associative,0.2,0.03333333333333333,0,0.2,0.5666666666666667,0
59,0,male,4,0,7,0,6,17,0,5,NA,NA,NA,associative,0,0.23333333333333334,0,0.2,0.5666666666666667,0
60,0,male,4,0,6,0,5,17,2,4,NA,NA,NA,associative,0,0.2,0,0.16666666666666666,0.5666666666666667,0.06666666666666667
61,0,male,4,0,3,0,9,18,0,5,NA,NA,NA,associative,0,0.1,0,0.3,0.6,0
62,0,male,4,0,0,0,4,25,1,4,NA,NA,NA,associative,0,0,0,0.13333333333333333,0.8333333333333334,0.03333333333333333
63,0,male,5,6,15,4,5,0,0,3,NA,NA,NA,solitary,0.2,0.5,0.13333333333333333,0.16666666666666666,0,0
64,0,male,5,0,21,0,1,6,2,3,NA,NA,NA,solitary,0,0.7,0,0.03333333333333333,0.2,0.06666666666666667
65,0,female,5,1,6,8,4,11,0,3,NA,NA,NA,associative,0.03333333333333333,0.2,0.26666666666666666,0.13333333333333333,0.36666666666666664,0
66,0,female,5,1,4,1,3,17,4,4,NA,NA,NA,associative,0.03333333333333333,0.13333333333333333,0.03333333333333333,0.1,0.5666666666666667,0.13333333333333333
67,0,female,3,8,12,10,0,0,0,3,NA,NA,NA,solitary,0.26666666666666666,0.4,0.3333333333333333,0,0,0
68,0,male,3,0,8,18,4,0,0,3,NA,NA,NA,onlooker,0,0.26666666666666666,0.6,0.13333333333333333,0,0
69,0,female,3,5,8,15,0,2,0,4,NA,NA,NA,onlooker,0.16666666666666666,0.26666666666666666,0.5,0,0.06666666666666667,0
70,0,female,3,0,11,0,12,5,2,5,NA,NA,NA,parallel,0,0.36666666666666664,0,0.4,0.16666666666666666,0.06666666666666667
71,0,female,3,1,14,1,6,5,3,4,NA,NA,NA,solitary,0.03333333333333333,0.4666666666666667,0.03333333333333333,0.2,0.16666666666666666,0.1
72,0,male,3,0,9,3,8,10,0,5,NA,NA,NA,associative,0,0.3,0.1,0.26666666666666666,0.3333333333333333,0
73,0,male,4,0,16,0,14,0,0,4,NA,NA,NA,solitary,0,0.5333333333333333,0,0.4666666666666667,0,0
74,0,female,4,0,21,1,1,0,7,3,NA,NA,NA,solitary,0,0.7,0.03333333333333333,0.03333333333333333,0,0.23333333333333334
75,0,female,4,0,10,2,11,0,7,4,NA,NA,NA,parallel,0,0.3333333333333333,0.06666666666666667,0.36666666666666664,0,0.23333333333333334
76,0,female,4,6,4,2,10,1,7,4,NA,NA,NA,parallel,0.2,0.13333333333333333,0.06666666666666667,0.3333333333333333,0.03333333333333333,0.23333333333333334
77,0,male,4,0,19,0,7,2,2,4,NA,NA,NA,solitary,0,0.6333333333333333,0,0.23333333333333334,0.06666666666666667,0.06666666666666667
78,0,female,4,5,3,4,3,7,8,4,NA,NA,NA,cooperative,0.16666666666666666,0.1,0.13333333333333333,0.1,0.23333333333333334,0.26666666666666666
79,0,male,4,0,0,0,19,11,0,5,NA,NA,NA,parallel,0,0,0,0.6333333333333333,0.36666666666666664,0
80,0,male,4,0,0,0,12,18,0,4,NA,NA,NA,associative,0,0,0,0.4,0.6,0
81,0,male,5,0,1,3,1,1,24,5,NA,NA,NA,cooperative,0,0.03333333333333333,0.1,0.03333333333333333,0.03333333333333333,0.8
82,0,male,5,0,0,18,0,4,8,3,NA,NA,NA,onlooker,0,0,0.6,0,0.13333333333333333,0.26666666666666666
83,0,male,5,2,9,1,4,4,10,4,NA,NA,NA,cooperative,0.06666666666666667,0.3,0.03333333333333333,0.13333333333333333,0.13333333333333333,0.3333333333333333
84,0,male,5,0,0,14,0,11,5,4,NA,NA,NA,onlooker,0,0,0.4666666666666667,0,0.36666666666666664,0.16666666666666666
85,0,female,3,0,8,11,11,0,0,4,NA,NA,NA,NA,0,0.26666666666666666,0.36666666666666664,0.36666666666666664,0,0
86,0,female,3,0,0,17,13,0,0,4,NA,NA,NA,onlooker,0,0,0.5666666666666667,0.43333333333333335,0,0
87,0,male,3,9,0,13,5,0,3,3,NA,NA,NA,onlooker,0.3,0,0.43333333333333335,0.16666666666666666,0,0.1
88,0,male,3,3,1,20,0,0,6,2,NA,NA,NA,onlooker,0.1,0.03333333333333333,0.6666666666666666,0,0,0.2
89,0,female,3,1,9,2,0,0,18,5,NA,NA,NA,cooperative,0.03333333333333333,0.3,0.06666666666666667,0,0,0.6
90,0,female,3,1,0,3,5,0,21,5,NA,NA,NA,cooperative,0.03333333333333333,0,0.1,0.16666666666666666,0,0.7
91,0,male,3,10,0,9,9,2,0,3,NA,NA,NA,unoccupied,0.3333333333333333,0,0.3,0.3,0.06666666666666667,0
92,0,male,3,0,9,6,8,2,5,4,NA,NA,NA,solitary,0,0.3,0.2,0.26666666666666666,0.06666666666666667,0.16666666666666666
93,0,male,3,0,0,3,24,3,0,4,NA,NA,NA,parallel,0,0,0.1,0.8,0.1,0
94,0,male,3,6,8,5,8,3,0,3,NA,NA,NA,NA,0.2,0.26666666666666666,0.16666666666666666,0.26666666666666666,0.1,0
95,0,male,3,0,8,7,9,6,0,4,NA,NA,NA,parallel,0,0.26666666666666666,0.23333333333333334,0.3,0.2,0
96,0,male,3,0,20,3,0,6,0,3,NA,NA,NA,solitary,0,0.6666666666666666,0.1,0,0.2,0
97,0,male,3,2,12,5,4,7,0,3,NA,NA,NA,solitary,0.06666666666666667,0.4,0.16666666666666666,0.13333333333333333,0.23333333333333334,0
98,0,male,3,0,17,0,5,8,0,3,NA,NA,NA,solitary,0,0.5666666666666667,0,0.16666666666666666,0.26666666666666666,0
99,0,female,3,3,14,1,2,10,0,4,NA,NA,NA,solitary,0.1,0.4666666666666667,0.03333333333333333,0.06666666666666667,0.3333333333333333,0
100,0,male,3,10,4,0,5,11,0,4,NA,NA,NA,associative,0.3333333333333333,0.13333333333333333,0,0.16666666666666666,0.36666666666666664,0
101,0,female,3,1,5,4,6,11,3,5,NA,NA,NA,associative,0.03333333333333333,0.16666666666666666,0.13333333333333333,0.2,0.36666666666666664,0.1
102,0,male,3,4,3,3,8,12,0,5,NA,NA,NA,associative,0.13333333333333333,0.1,0.1,0.26666666666666666,0.4,0
103,0,female,3,1,9,1,2,12,5,4,NA,NA,NA,associative,0.03333333333333333,0.3,0.03333333333333333,0.06666666666666667,0.4,0.16666666666666666
104,0,female,3,0,3,0,3,17,7,5,NA,NA,NA,associative,0,0.1,0,0.1,0.5666666666666667,0.23333333333333334
105,0,male,3,0,9,0,2,18,1,5,NA,NA,NA,associative,0,0.3,0,0.06666666666666667,0.6,0.03333333333333333
106,0,male,3,0,6,0,2,20,2,5,NA,NA,NA,associative,0,0.2,0,0.06666666666666667,0.6666666666666666,0.06666666666666667
107,0,male,4,0,23,7,0,0,0,3,NA,NA,NA,solitary,0,0.7666666666666667,0.23333333333333334,0,0,0
108,0,male,4,11,10,9,0,0,0,4,NA,NA,NA,unoccupied,0.36666666666666664,0.3333333333333333,0.3,0,0,0
109,0,male,4,4,12,5,0,0,9,3,NA,NA,NA,solitary,0.13333333333333333,0.4,0.16666666666666666,0,0,0.3
110,0,male,4,3,6,4,0,0,19,5,NA,NA,NA,cooperative,0.1,0.2,0.13333333333333333,0,0,0.6333333333333333
111,0,female,4,4,6,2,3,5,5,5,NA,NA,NA,solitary,0.13333333333333333,0.2,0.06666666666666667,0.1,0.16666666666666666,0.16666666666666666
112,0,female,4,0,0,4,20,6,0,3,NA,NA,NA,parallel,0,0,0.13333333333333333,0.6666666666666666,0.2,0
113,0,male,4,0,5,0,11,6,8,4,NA,NA,NA,parallel,0,0.16666666666666666,0,0.36666666666666664,0.2,0.26666666666666666
114,0,male,4,0,0,0,9,6,15,5,NA,NA,NA,cooperative,0,0,0,0.3,0.2,0.5
115,0,female,4,0,1,0,13,8,8,5,NA,NA,NA,parallel,0,0.03333333333333333,0,0.43333333333333335,0.26666666666666666,0.26666666666666666
116,0,male,4,0,0,5,12,10,3,5,NA,NA,NA,parallel,0,0,0.16666666666666666,0.4,0.3333333333333333,0.1
117,0,female,4,0,0,2,12,16,0,3,NA,NA,NA,associative,0,0,0.06666666666666667,0.4,0.5333333333333333,0
118,0,male,4,0,0,0,10,20,0,5,NA,NA,NA,associative,0,0,0,0.3333333333333333,0.6666666666666666,0
119,0,male,5,0,0,6,0,0,24,5,NA,NA,NA,cooperative,0,0,0.2,0,0,0.8
120,0,female,5,0,8,0,0,4,18,5,NA,NA,NA,cooperative,0,0.26666666666666666,0,0,0.13333333333333333,0.6
121,0,female,5,0,0,3,3,5,19,4,NA,NA,NA,cooperative,0,0,0.1,0.1,0.16666666666666666,0.6333333333333333
122,0,male,5,0,0,0,0,19,11,5,NA,NA,NA,associative,0,0,0,0,0.6333333333333333,0.36666666666666664
123,1,female,3,0,15,10,5,0,0,2,NA,NA,NA,solitary,0,0.5,0.3333333333333333,0.16666666666666666,0,0
124,1,female,3,0,28,2,0,0,0,2,NA,NA,NA,solitary,0,0.9333333333333333,0.06666666666666667,0,0,0
125,1,male,3,1,19,1,8,1,0,3,NA,NA,NA,solitary,0.03333333333333333,0.6333333333333333,0.03333333333333333,0.26666666666666666,0.03333333333333333,0
126,1,male,3,13,10,4,1,2,0,2,NA,NA,NA,unoccupied,0.43333333333333335,0.3333333333333333,0.13333333333333333,0.03333333333333333,0.06666666666666667,0
127,1,female,3,2,9,7,5,2,5,4,NA,NA,NA,solitary,0.06666666666666667,0.3,0.23333333333333334,0.16666666666666666,0.06666666666666667,0.16666666666666666
128,1,male,3,0,10,0,2,2,15,5,NA,NA,NA,cooperative,0,0.3333333333333333,0,0.06666666666666667,0.06666666666666667,0.5
129,1,female,3,0,9,4,6,3,0,3,NA,NA,NA,solitary,0,0.3,0.13333333333333333,0.2,0.1,0
130,1,male,3,0,19,0,2,3,6,3,NA,NA,NA,solitary,0,0.6333333333333333,0,0.06666666666666667,0.1,0.2
131,1,female,3,5,8,8,3,4,2,4,NA,NA,NA,NA,0.16666666666666666,0.26666666666666666,0.26666666666666666,0.1,0.13333333333333333,0.06666666666666667
132,1,female,3,0,0,0,22,4,4,5,NA,NA,NA,parallel,0,0,0,0.7333333333333333,0.13333333333333333,0.13333333333333333
133,1,female,3,0,0,0,16,5,9,5,NA,NA,NA,parallel,0,0,0,0.5333333333333333,0.16666666666666666,0.3
134,1,female,3,0,2,5,5,7,3,5,NA,NA,NA,associative,0,0.06666666666666667,0.16666666666666666,0.16666666666666666,0.23333333333333334,0.1
135,1,female,3,0,5,2,10,7,4,4,NA,NA,NA,parallel,0,0.16666666666666666,0.06666666666666667,0.3333333333333333,0.23333333333333334,0.13333333333333333
136,1,female,3,0,1,3,17,8,1,4,NA,NA,NA,parallel,0,0.03333333333333333,0.1,0.5666666666666667,0.26666666666666666,0.03333333333333333
137,1,female,3,5,6,2,6,8,3,5,NA,NA,NA,associative,0.16666666666666666,0.2,0.06666666666666667,0.2,0.26666666666666666,0.1
138,1,female,3,0,8,4,0,17,0,3,NA,NA,NA,associative,0,0.26666666666666666,0.13333333333333333,0,0.5666666666666667,0
139,1,female,3,0,1,3,2,24,0,5,NA,NA,NA,associative,0,0.03333333333333333,0.1,0.06666666666666667,0.8,0
140,1,female,3,0,1,0,0,27,2,5,NA,NA,NA,associative,0,0.03333333333333333,0,0,0.9,0.06666666666666667
141,1,male,4,0,28,2,0,0,0,3,NA,NA,NA,solitary,0,0.9333333333333333,0.06666666666666667,0,0,0
142,1,female,4,7,9,0,14,0,0,4,NA,NA,NA,parallel,0.23333333333333334,0.3,0,0.4666666666666667,0,0
143,1,female,4,2,6,8,8,2,4,5,NA,NA,NA,NA,0.06666666666666667,0.2,0.26666666666666666,0.26666666666666666,0.06666666666666667,0.13333333333333333
144,1,male,4,0,17,1,9,3,0,4,NA,NA,NA,solitary,0,0.5666666666666667,0.03333333333333333,0.3,0.1,0
145,1,female,4,0,1,5,10,5,9,4,NA,NA,NA,parallel,0,0.03333333333333333,0.16666666666666666,0.3333333333333333,0.16666666666666666,0.3
146,1,male,4,0,0,1,4,12,13,5,NA,NA,NA,cooperative,0,0,0.03333333333333333,0.13333333333333333,0.4,0.43333333333333335
147,1,male,4,0,0,0,4,12,14,5,NA,NA,NA,cooperative,0,0,0,0.13333333333333333,0.4,0.4666666666666667
148,1,male,4,0,2,0,4,24,0,5,NA,NA,NA,associative,0,0.06666666666666667,0,0.13333333333333333,0.8,0
149,1,male,5,4,2,1,7,1,15,3,NA,NA,NA,cooperative,0.13333333333333333,0.06666666666666667,0.03333333333333333,0.23333333333333334,0.03333333333333333,0.5
150,1,male,5,0,4,6,11,2,7,4,NA,NA,NA,parallel,0,0.13333333333333333,0.2,0.36666666666666664,0.06666666666666667,0.23333333333333334
151,2,female,4,4,0,14,4,0,8,3,NA,NA,NA,onlooker,0.13333333333333333,0,0.4666666666666667,0.13333333333333333,0,0.26666666666666666
152,2,female,4,2,0,2,6,19,0,3,NA,NA,NA,associative,0.06666666666666667,0,0.06666666666666667,0.2,0.6333333333333333,0
153,2,female,3,0,16,0,0,1,13,3,NA,NA,NA,solitary,0,0.5333333333333333,0,0,0.03333333333333333,0.43333333333333335
154,2,female,3,1,2,3,0,1,23,5,NA,NA,NA,cooperative,0.03333333333333333,0.06666666666666667,0.1,0,0.03333333333333333,0.7666666666666667
155,2,male,3,0,5,6,7,2,10,5,NA,NA,NA,cooperative,0,0.16666666666666666,0.2,0.23333333333333334,0.06666666666666667,0.3333333333333333
156,2,female,3,3,19,4,0,4,0,3,NA,NA,NA,solitary,0.1,0.6333333333333333,0.13333333333333333,0,0.13333333333333333,0
157,2,male,3,3,7,4,5,5,5,5,NA,NA,NA,solitary,0.1,0.23333333333333334,0.13333333333333333,0.16666666666666666,0.16666666666666666,0.16666666666666666
158,2,male,3,0,7,2,0,7,14,5,NA,NA,NA,cooperative,0,0.23333333333333334,0.06666666666666667,0,0.23333333333333334,0.4666666666666667
159,2,male,3,1,0,0,19,10,0,4,NA,NA,NA,parallel,0.03333333333333333,0,0,0.6333333333333333,0.3333333333333333,0
160,2,male,3,2,6,3,5,11,3,5,NA,NA,NA,associative,0.06666666666666667,0.2,0.1,0.16666666666666666,0.36666666666666664,0.1
161,2,male,3,0,8,0,6,12,4,5,NA,NA,NA,associative,0,0.26666666666666666,0,0.2,0.4,0.13333333333333333
162,2,female,3,1,3,3,3,15,5,5,NA,NA,NA,associative,0.03333333333333333,0.1,0.1,0.1,0.5,0.16666666666666666
163,2,male,4,0,1,0,29,0,0,5,NA,NA,NA,parallel,0,0.03333333333333333,0,0.9666666666666667,0,0
164,2,female,4,8,14,8,0,0,0,4,NA,NA,NA,solitary,0.26666666666666666,0.4666666666666667,0.26666666666666666,0,0,0
165,2,female,4,1,0,0,0,0,29,5,NA,NA,NA,cooperative,0.03333333333333333,0,0,0,0,0.9666666666666667
166,2,female,4,8,9,12,0,1,0,4,NA,NA,NA,onlooker,0.26666666666666666,0.3,0.4,0,0.03333333333333333,0
167,2,male,4,0,3,0,25,2,0,4,NA,NA,NA,parallel,0,0.1,0,0.8333333333333334,0.06666666666666667,0
168,2,female,4,0,15,4,9,2,0,3,NA,NA,NA,solitary,0,0.5,0.13333333333333333,0.3,0.06666666666666667,0
169,2,male,4,4,8,13,0,5,0,4,NA,NA,NA,onlooker,0.13333333333333333,0.26666666666666666,0.43333333333333335,0,0.16666666666666666,0
170,2,female,4,0,0,0,7,5,18,5,NA,NA,NA,cooperative,0,0,0,0.23333333333333334,0.16666666666666666,0.6
171,2,female,4,1,4,4,3,9,9,4,NA,NA,NA,NA,0.03333333333333333,0.13333333333333333,0.13333333333333333,0.1,0.3,0.3
172,2,female,4,0,1,2,8,11,8,5,NA,NA,NA,associative,0,0.03333333333333333,0.06666666666666667,0.26666666666666666,0.36666666666666664,0.26666666666666666
173,2,female,4,0,7,0,3,13,7,4,NA,NA,NA,associative,0,0.23333333333333334,0,0.1,0.43333333333333335,0.23333333333333334
174,2,male,4,0,9,3,1,17,0,4,NA,NA,NA,associative,0,0.3,0.1,0.03333333333333333,0.5666666666666667,0
175,2,female,4,2,0,0,0,28,0,5,NA,NA,NA,associative,0.06666666666666667,0,0,0,0.9333333333333333,0
176,2,female,5,0,17,0,3,7,3,3,NA,NA,NA,solitary,0,0.5666666666666667,0,0.1,0.23333333333333334,0.1
177,2,female,5,1,7,0,4,12,6,4,NA,NA,NA,associative,0.03333333333333333,0.23333333333333334,0,0.13333333333333333,0.4,0.2
178,2,male,5,0,1,2,24,3,0,3,NA,NA,NA,parallel,0,0.03333333333333333,0.06666666666666667,0.8,0.1,0
179,2,male,5,0,0,0,24,6,0,3,NA,NA,NA,parallel,0,0,0,0.8,0.2,0
180,3,male,5,0,15,7,4,4,0,3,NA,NA,NA,solitary,0,0.5,0.23333333333333334,0.13333333333333333,0.13333333333333333,0
181,3,male,5,0,8,4,5,4,9,3,NA,NA,NA,cooperative,0,0.26666666666666666,0.13333333333333333,0.16666666666666666,0.13333333333333333,0.3
182,3,female,5,2,7,5,0,9,6,4,NA,NA,NA,associative,0.06666666666666667,0.23333333333333334,0.16666666666666666,0,0.3,0.2
183,3,female,5,4,10,1,0,10,5,4,NA,NA,NA,NA,0.13333333333333333,0.3333333333333333,0.03333333333333333,0,0.3333333333333333,0.16666666666666666
184,3,female,3,2,0,2,4,4,18,5,NA,NA,NA,cooperative,0.06666666666666667,0,0.06666666666666667,0.13333333333333333,0.13333333333333333,0.6
185,3,female,3,0,3,4,21,2,0,5,NA,NA,NA,parallel,0,0.1,0.13333333333333333,0.7,0.06666666666666667,0
186,3,female,4,2,8,3,1,11,2,4,NA,NA,NA,associative,0.06666666666666667,0.26666666666666666,0.1,0.03333333333333333,0.36666666666666664,0.06666666666666667
187,3,female,4,4,8,3,1,8,6,4,NA,NA,NA,NA,0.13333333333333333,0.26666666666666666,0.1,0.03333333333333333,0.26666666666666666,0.2
188,3,male,4,0,0,2,0,3,25,4,NA,NA,NA,cooperative,0,0,0.06666666666666667,0,0.1,0.8333333333333334
189,3,male,4,0,7,18,2,3,0,4,NA,NA,NA,onlooker,0,0.23333333333333334,0.6,0.06666666666666667,0.1,0
190,3,male,4,5,4,0,6,0,15,5,NA,NA,NA,cooperative,0.16666666666666666,0.13333333333333333,0,0.2,0,0.5
191,3,male,4,3,8,1,2,0,17,5,NA,NA,NA,cooperative,0.1,0.26666666666666666,0.03333333333333333,0.06666666666666667,0,0.5666666666666667
192,3,male,4,0,2,0,6,8,14,5,NA,NA,NA,cooperative,0,0.06666666666666667,0,0.2,0.26666666666666666,0.4666666666666667
193,3,male,4,0,0,0,4,5,21,5,NA,NA,NA,cooperative,0,0,0,0.13333333333333333,0.16666666666666666,0.7
194,3,male,4,0,28,1,0,0,1,3,NA,NA,NA,solitary,0,0.9333333333333333,0.03333333333333333,0,0,0.03333333333333333
195,3,male,4,0,22,0,2,0,6,3,NA,NA,NA,solitary,0,0.7333333333333333,0,0.06666666666666667,0,0.2
196,3,male,4,4,4,4,0,18,0,5,NA,NA,NA,associative,0.13333333333333333,0.13333333333333333,0.13333333333333333,0,0.6,0
197,3,male,4,0,5,0,6,19,0,5,NA,NA,NA,associative,0,0.16666666666666666,0,0.2,0.6333333333333333,0
198,5,male,3,3,4,3,2,3,15,5,2,3,1,cooperative,0.1,0.13333333333333333,0.1,0.06666666666666667,0.1,0.5
199,5,female,3,15,12,1,0,2,0,4,1,2,2,unoccupied,0.5,0.4,0.03333333333333333,0,0.06666666666666667,0
200,5,female,4,1,1,0,0,0,28,5,2,4,1,cooperative,0.03333333333333333,0.03333333333333333,0,0,0,0.9333333333333333
201,5,female,4,0,2,1,11,15,1,2,1,2,2,associative,0,0.06666666666666667,0.03333333333333333,0.36666666666666664,0.5,0.03333333333333333
202,5,female,4,0,0,2,23,5,0,3,1,2,2,parallel,0,0,0.06666666666666667,0.7666666666666667,0.16666666666666666,0
203,5,male,4,0,0,0,0,0,30,4,1,3,2,cooperative,0,0,0,0,0,1
204,5,female,4,0,3,3,8,11,4,4,2,4,1,associative,0,0.1,0.1,0.26666666666666666,0.36666666666666664,0.13333333333333333
205,5,male,4,4,4,6,3,2,11,4,2,3,1,cooperative,0.13333333333333333,0.13333333333333333,0.2,0.1,0.06666666666666667,0.36666666666666664
206,5,male,5,0,0,0,0,0,30,5,2,3,1,cooperative,0,0,0,0,0,1
207,5,male,3,0,2,1,4,8,15,5,2,3,1,cooperative,0,0.06666666666666667,0.03333333333333333,0.13333333333333333,0.26666666666666666,0.5
208,5,female,3,0,9,0,0,5,16,4,1,2,2,cooperative,0,0.3,0,0,0.16666666666666666,0.5333333333333333
209,5,female,4,7,0,0,0,0,23,5,2,4,1,cooperative,0.23333333333333334,0,0,0,0,0.7666666666666667
210,5,female,4,2,4,2,21,1,0,2,1,2,2,parallel,0.06666666666666667,0.13333333333333333,0.06666666666666667,0.7,0.03333333333333333,0
211,5,female,4,0,0,0,5,25,0,3,1,2,2,associative,0,0,0,0.16666666666666666,0.8333333333333334,0
212,5,male,4,0,0,0,8,10,12,4,1,3,2,cooperative,0,0,0,0.26666666666666666,0.3333333333333333,0.4
213,5,female,4,0,3,11,11,3,2,4,2,4,1,NA,0,0.1,0.36666666666666664,0.36666666666666664,0.1,0.06666666666666667
214,5,male,4,9,9,0,6,3,3,4,2,3,1,NA,0.3,0.3,0,0.2,0.1,0.1
215,5,male,5,0,0,0,0,0,30,5,2,3,1,cooperative,0,0,0,0,0,1
216,6,male,5,0,4,6,5,6,9,4,1,3,1,cooperative,0,0.13333333333333333,0.2,0.16666666666666666,0.2,0.3
217,6,male,5,0,7,3,1,18,1,4,1,3,1,associative,0,0.23333333333333334,0.1,0.03333333333333333,0.6,0.03333333333333333
218,6,female,4,2,2,0,0,0,26,5,1,4,1,cooperative,0.06666666666666667,0.06666666666666667,0,0,0,0.8666666666666667
219,6,female,4,3,2,0,0,0,25,5,1,4,1,cooperative,0.1,0.06666666666666667,0,0,0,0.8333333333333334
220,6,female,3,2,5,5,2,9,8,3,2,2,2,associative,0.06666666666666667,0.16666666666666666,0.16666666666666666,0.06666666666666667,0.3,0.26666666666666666
221,6,female,3,1,4,0,4,7,14,3,2,2,2,cooperative,0.03333333333333333,0.13333333333333333,0,0.13333333333333333,0.23333333333333334,0.4666666666666667
222,6,male,5,0,8,4,4,3,10,5,1,3,1,cooperative,0,0.26666666666666666,0.13333333333333333,0.13333333333333333,0.1,0.3333333333333333
223,6,male,5,3,8,1,4,0,14,5,1,3,1,cooperative,0.1,0.26666666666666666,0.03333333333333333,0.13333333333333333,0,0.4666666666666667
224,6,female,4,5,10,7,8,0,0,4,1,4,1,solitary,0.16666666666666666,0.3333333333333333,0.23333333333333334,0.26666666666666666,0,0
225,6,female,4,0,24,6,0,0,0,4,1,4,1,solitary,0,0.8,0.2,0,0,0
226,6,female,4,1,0,16,0,5,8,3,2,3,2,onlooker,0.03333333333333333,0,0.5333333333333333,0,0.16666666666666666,0.26666666666666666
227,6,female,4,2,12,5,5,5,1,3,2,3,2,solitary,0.06666666666666667,0.4,0.16666666666666666,0.16666666666666666,0.16666666666666666,0.03333333333333333
228,6,male,4,9,2,6,1,7,5,3,2,2,2,unoccupied,0.3,0.06666666666666667,0.2,0.03333333333333333,0.23333333333333334,0.16666666666666666
229,6,male,4,4,3,4,0,12,7,3,2,2,2,associative,0.13333333333333333,0.1,0.13333333333333333,0,0.4,0.23333333333333334
230,6,female,3,7,13,5,0,4,1,2,2,1,1,solitary,0.23333333333333334,0.43333333333333335,0.16666666666666666,0,0.13333333333333333,0.03333333333333333
231,6,female,3,4,15,7,4,0,0,2,2,1,1,solitary,0.13333333333333333,0.5,0.23333333333333334,0.13333333333333333,0,0
232,6,female,4,0,8,5,0,0,17,2,1,2,2,cooperative,0,0.26666666666666666,0.16666666666666666,0,0,0.5666666666666667
233,6,female,4,0,9,9,2,2,8,2,1,2,2,NA,0,0.3,0.3,0.06666666666666667,0.06666666666666667,0.26666666666666666
234,7,male,3,11,9,9,2,0,0,2,1,2,2,unoccupied,0.36666666666666664,0.3,0.3,0.06666666666666667,0,0
235,7,female,4,0,19,5,3,3,0,2,2,2,2,solitary,0,0.6333333333333333,0.16666666666666666,0.1,0.1,0
236,7,female,4,0,7,1,7,13,0,3,1,2,2,associative,0,0.23333333333333334,0.03333333333333333,0.23333333333333334,0.43333333333333335,0
237,7,female,5,0,0,0,0,7,23,5,2,4,1,cooperative,0,0,0,0,0.23333333333333334,0.7666666666666667
238,7,male,3,0,14,2,3,5,6,3,1,3,2,solitary,0,0.4666666666666667,0.06666666666666667,0.1,0.16666666666666666,0.2
239,7,female,NA,0,9,7,0,7,7,4,2,3,2,solitary,0,0.3,0.23333333333333334,0,0.23333333333333334,0.23333333333333334
240,7,male,NA,0,1,2,16,7,4,2,1,3,2,parallel,0,0.03333333333333333,0.06666666666666667,0.5333333333333333,0.23333333333333334,0.13333333333333333
241,7,male,4,0,14,3,8,0,5,5,3,4,2,solitary,0,0.4666666666666667,0.1,0.26666666666666666,0,0.16666666666666666
242,7,female,4,0,7,0,7,17,0,4,1,3,1,associative,0,0.23333333333333334,0,0.23333333333333334,0.5666666666666667,0
243,7,male,3,0,13,4,10,1,2,4,2,3,2,solitary,0,0.43333333333333335,0.13333333333333333,0.3333333333333333,0.03333333333333333,0.06666666666666667
244,7,female,3,0,4,5,4,4,1,4,2,2,2,onlooker,0,0.13333333333333333,0.16666666666666666,0.13333333333333333,0.13333333333333333,0.03333333333333333
245,7,female,4,5,13,8,0,4,0,5,2,4,1,solitary,0.16666666666666666,0.43333333333333335,0.26666666666666666,0,0.13333333333333333,0
246,7,female,NA,8,5,3,3,0,11,2,1,2,2,cooperative,0.26666666666666666,0.16666666666666666,0.1,0.1,0,0.36666666666666664
247,7,female,4,2,11,2,1,13,1,4,1,4,1,associative,0.06666666666666667,0.36666666666666664,0.06666666666666667,0.03333333333333333,0.43333333333333335,0.03333333333333333
248,7,male,5,0,1,1,0,7,21,5,1,3,1,cooperative,0,0.03333333333333333,0.03333333333333333,0,0.23333333333333334,0.7
