Cohort,Gender,Age,Unoccupied,Solitary,Onlooker,Parallel,Associative,Cooperative,Predom,socparticip,degpos,bossy,socawk
0,2,3,0,8,8,14,0,0,P,2,#NULL!,#NULL!,#NULL!
0,1,3,0,0,4,16,0,10,P,4,#NULL!,#NULL!,#NULL!
0,1,3,0,18,0,10,2,0,S,3,#NULL!,#NULL!,#NULL!
0,1,3,0,4,7,2,2,15,C,5,#NULL!,#NULL!,#NULL!
0,2,3,4,4,7,11,4,0,P,4,#NULL!,#NULL!,#NULL!
0,2,3,7,5,0,12,6,0,P,5,#NULL!,#NULL!,#NULL!
0,2,3,0,2,10,8,7,3,O,4,#NULL!,#NULL!,#NULL!
0,2,3,0,10,0,7,13,0,A,3,#NULL!,#NULL!,#NULL!
0,1,3,0,4,1,6,14,5,A,5,#NULL!,#NULL!,#NULL!
0,2,3,0,0,0,10,14,6,A,5,#NULL!,#NULL!,#NULL!
0,1,3,0,12,1,0,16,1,A,3,#NULL!,#NULL!,#NULL!
0,1,3,0,12,0,1,17,0,A,4,#NULL!,#NULL!,#NULL!
0,1,4,2,4,0,24,0,0,P,4,#NULL!,#NULL!,#NULL!
0,2,4,4,7,6,13,0,0,P,3,#NULL!,#NULL!,#NULL!
0,2,4,1,16,3,10,0,0,S,3,#NULL!,#NULL!,#NULL!
0,2,4,0,29,1,0,0,0,S,3,#NULL!,#NULL!,#NULL!
0,1,4,0,7,0,22,0,1,P,4,#NULL!,#NULL!,#NULL!
0,1,4,1,24,2,2,1,0,S,3,#NULL!,#NULL!,#NULL!
0,1,4,2,15,6,5,1,1,S,4,#NULL!,#NULL!,#NULL!
0,2,4,0,15,0,13,2,0,S,3,#NULL!,#NULL!,#NULL!
0,1,4,4,5,2,17,2,0,P,4,#NULL!,#NULL!,#NULL!
0,1,4,4,8,0,12,5,1,P,5,#NULL!,#NULL!,#NULL!
0,1,4,0,3,0,7,6,14,C,5,#NULL!,#NULL!,#NULL!
0,2,4,2,10,4,7,7,0,S,3,#NULL!,#NULL!,#NULL!
0,2,4,0,0,0,7,7,16,C,5,#NULL!,#NULL!,#NULL!
0,1,4,12,0,4,0,9,5,U,3,#NULL!,#NULL!,#NULL!
0,1,4,0,0,0,4,12,14,C,5,#NULL!,#NULL!,#NULL!
0,1,4,0,0,0,7,23,0,A,5,#NULL!,#NULL!,#NULL!
0,1,5,0,0,0,8,0,22,C,3,#NULL!,#NULL!,#NULL!
0,2,5,0,2,6,5,4,13,C,4,#NULL!,#NULL!,#NULL!
0,2,5,0,0,0,1,7,22,C,5,#NULL!,#NULL!,#NULL!
0,2,5,0,6,0,0,8,16,C,4,#NULL!,#NULL!,#NULL!
0,2,5,0,2,2,9,10,7,A,4,#NULL!,#NULL!,#NULL!
0,1,5,0,6,0,0,14,10,A,4,#NULL!,#NULL!,#NULL!
0,1,5,0,2,0,0,14,14,C,4,#NULL!,#NULL!,#NULL!
0,1,5,0,10,0,0,15,5,A,3,#NULL!,#NULL!,#NULL!
0,2,5,0,0,1,8,20,1,A,5,#NULL!,#NULL!,#NULL!
0,2,5,0,0,1,0,20,9,A,5,#NULL!,#NULL!,#NULL!
0,2,3,3,21,0,0,5,1,S,3,#NULL!,#NULL!,#NULL!
0,2,3,0,20,0,1,8,1,S,3,#NULL!,#NULL!,#NULL!
0,1,3,0,7,3,6,10,4,A,4,#NULL!,#NULL!,#NULL!
0,1,3,1,7,4,3,10,5,A,5,#NULL!,#NULL!,#NULL!
0,2,3,0,13,2,0,15,0,A,4,#NULL!,#NULL!,#NULL!
0,2,3,0,8,3,0,19,0,A,4,#NULL!,#NULL!,#NULL!
0,1,3,0,0,0,6,24,0,A,5,#NULL!,#NULL!,#NULL!
0,1,3,0,0,0,0,30,0,A,5,#NULL!,#NULL!,#NULL!
0,2,4,5,11,0,14,0,0,S,4,#NULL!,#NULL!,#NULL!
0,1,4,0,1,3,0,0,26,C,5,#NULL!,#NULL!,#NULL!
0,2,4,3,16,2,8,1,0,S,4,#NULL!,#NULL!,#NULL!
0,1,4,1,16,2,5,1,5,S,3,#NULL!,#NULL!,#NULL!
0,1,4,4,12,5,6,3,0,S,3,#NULL!,#NULL!,#NULL!
0,2,4,3,20,2,2,3,0,S,3,#NULL!,#NULL!,#NULL!
0,1,4,0,1,0,17,5,7,P,5,#NULL!,#NULL!,#NULL!
0,1,4,9,13,2,0,6,0,S,5,#NULL!,#NULL!,#NULL!
0,1,4,0,5,3,0,8,14,C,5,#NULL!,#NULL!,#NULL!
0,1,4,0,4,5,1,16,4,A,4,#NULL!,#NULL!,#NULL!
0,1,4,0,5,0,0,16,9,A,5,#NULL!,#NULL!,#NULL!
0,2,4,6,1,0,6,17,0,A,4,#NULL!,#NULL!,#NULL!
0,1,4,0,7,0,6,17,0,A,5,#NULL!,#NULL!,#NULL!
0,1,4,0,6,0,5,17,2,A,4,#NULL!,#NULL!,#NULL!
0,1,4,0,3,0,9,18,0,A,5,#NULL!,#NULL!,#NULL!
0,1,4,0,0,0,4,25,1,A,4,#NULL!,#NULL!,#NULL!
0,1,5,6,15,4,5,0,0,S,3,#NULL!,#NULL!,#NULL!
0,1,5,0,21,0,1,6,2,S,3,#NULL!,#NULL!,#NULL!
0,2,5,1,6,8,4,11,0,A,3,#NULL!,#NULL!,#NULL!
0,2,5,1,4,1,3,17,4,A,4,#NULL!,#NULL!,#NULL!
0,2,3,8,12,10,0,0,0,S,3,#NULL!,#NULL!,#NULL!
0,1,3,0,8,18,4,0,0,O,3,#NULL!,#NULL!,#NULL!
0,2,3,5,8,15,0,2,0,O,4,#NULL!,#NULL!,#NULL!
0,2,3,0,11,0,12,5,2,P,5,#NULL!,#NULL!,#NULL!
0,2,3,1,14,1,6,5,3,S,4,#NULL!,#NULL!,#NULL!
0,1,3,0,9,3,8,10,0,A,5,#NULL!,#NULL!,#NULL!
0,1,4,0,16,0,14,0,0,S,4,#NULL!,#NULL!,#NULL!
0,2,4,0,21,1,1,0,7,S,3,#NULL!,#NULL!,#NULL!
0,2,4,0,10,2,11,0,7,P,4,#NULL!,#NULL!,#NULL!
0,2,4,6,4,2,10,1,7,P,4,#NULL!,#NULL!,#NULL!
0,1,4,0,19,0,7,2,2,S,4,#NULL!,#NULL!,#NULL!
0,2,4,5,3,4,3,7,8,C,4,#NULL!,#NULL!,#NULL!
0,1,4,0,0,0,19,11,0,P,5,#NULL!,#NULL!,#NULL!
0,1,4,0,0,0,12,18,0,A,4,#NULL!,#NULL!,#NULL!
0,1,5,0,1,3,1,1,24,C,5,#NULL!,#NULL!,#NULL!
0,1,5,0,0,18,0,4,8,O,3,#NULL!,#NULL!,#NULL!
0,1,5,2,9,1,4,4,10,C,4,#NULL!,#NULL!,#NULL!
0,1,5,0,0,14,0,11,5,O,4,#NULL!,#NULL!,#NULL!
0,2,3,0,8,11,11,0,0,O,4,#NULL!,#NULL!,#NULL!
0,2,3,0,0,17,13,0,0,O,4,#NULL!,#NULL!,#NULL!
0,1,3,9,0,13,5,0,3,O,3,#NULL!,#NULL!,#NULL!
0,1,3,3,1,20,0,0,6,O,2,#NULL!,#NULL!,#NULL!
0,2,3,1,9,2,0,0,18,C,5,#NULL!,#NULL!,#NULL!
0,2,3,1,0,3,5,0,21,C,5,#NULL!,#NULL!,#NULL!
0,1,3,10,0,9,9,2,0,U,3,#NULL!,#NULL!,#NULL!
0,1,3,0,9,6,8,2,5,S,4,#NULL!,#NULL!,#NULL!
0,1,3,0,0,3,24,3,0,P,4,#NULL!,#NULL!,#NULL!
0,1,3,6,8,5,8,3,0,S,3,#NULL!,#NULL!,#NULL!
0,1,3,0,8,7,9,6,0,P,4,#NULL!,#NULL!,#NULL!
0,1,3,0,20,3,0,6,0,S,3,#NULL!,#NULL!,#NULL!
0,1,3,2,12,5,4,7,0,S,3,#NULL!,#NULL!,#NULL!
0,1,3,0,17,0,5,8,0,S,3,#NULL!,#NULL!,#NULL!
0,2,3,3,14,1,2,10,0,S,4,#NULL!,#NULL!,#NULL!
0,1,3,10,4,0,5,11,0,A,4,#NULL!,#NULL!,#NULL!
0,2,3,1,5,4,6,11,3,A,5,#NULL!,#NULL!,#NULL!
0,1,3,4,3,3,8,12,0,A,5,#NULL!,#NULL!,#NULL!
0,2,3,1,9,1,2,12,5,P,4,#NULL!,#NULL!,#NULL!
0,2,3,0,3,0,3,17,7,A,5,#NULL!,#NULL!,#NULL!
0,1,3,0,9,0,2,18,1,A,5,#NULL!,#NULL!,#NULL!
0,1,3,0,6,0,2,20,2,A,5,#NULL!,#NULL!,#NULL!
0,1,4,0,23,7,0,0,0,S,3,#NULL!,#NULL!,#NULL!
0,1,4,11,10,9,0,0,0,U,4,#NULL!,#NULL!,#NULL!
0,1,4,4,12,5,0,0,9,S,3,#NULL!,#NULL!,#NULL!
0,1,4,3,6,4,0,0,19,C,5,#NULL!,#NULL!,#NULL!
0,2,4,4,6,2,3,5,5,S,5,#NULL!,#NULL!,#NULL!
0,2,4,0,0,4,20,6,0,P,3,#NULL!,#NULL!,#NULL!
0,1,4,0,5,0,11,6,8,P,4,#NULL!,#NULL!,#NULL!
0,1,4,0,0,0,9,6,15,C,5,#NULL!,#NULL!,#NULL!
0,2,4,0,1,0,13,8,8,P,5,#NULL!,#NULL!,#NULL!
0,1,4,0,0,5,12,10,3,P,5,#NULL!,#NULL!,#NULL!
0,2,4,0,0,2,12,16,0,A,3,#NULL!,#NULL!,#NULL!
0,1,4,0,0,0,10,20,0,A,5,#NULL!,#NULL!,#NULL!
0,1,5,0,0,6,0,0,24,C,5,#NULL!,#NULL!,#NULL!
0,2,5,0,8,0,0,4,18,C,5,#NULL!,#NULL!,#NULL!
0,2,5,0,0,3,3,5,19,C,4,#NULL!,#NULL!,#NULL!
0,1,5,0,0,0,0,19,11,A,5,#NULL!,#NULL!,#NULL!
1,2,3,0,15,10,5,0,0,S,2,#NULL!,#NULL!,#NULL!
1,2,3,0,28,2,0,0,0,S,2,#NULL!,#NULL!,#NULL!
1,1,3,1,19,1,8,1,0,S,3,#NULL!,#NULL!,#NULL!
1,1,3,13,10,4,1,2,0,U,2,#NULL!,#NULL!,#NULL!
1,2,3,2,9,7,5,2,5,S,4,#NULL!,#NULL!,#NULL!
1,1,3,0,10,0,2,2,15,C,5,#NULL!,#NULL!,#NULL!
1,2,3,0,9,4,6,3,0,S,3,#NULL!,#NULL!,#NULL!
1,1,3,0,19,0,2,3,6,S,3,#NULL!,#NULL!,#NULL!
1,2,3,5,8,8,3,4,2,S,4,#NULL!,#NULL!,#NULL!
1,2,3,0,0,0,22,4,4,P,5,#NULL!,#NULL!,#NULL!
1,2,3,0,0,0,16,5,9,P,5,#NULL!,#NULL!,#NULL!
1,2,3,0,2,5,5,7,3,A,5,#NULL!,#NULL!,#NULL!
1,2,3,0,5,2,10,7,4,P,4,#NULL!,#NULL!,#NULL!
1,2,3,0,1,3,17,8,1,P,4,#NULL!,#NULL!,#NULL!
1,2,3,5,6,2,6,8,3,A,5,#NULL!,#NULL!,#NULL!
1,2,3,0,8,4,0,17,0,A,3,#NULL!,#NULL!,#NULL!
1,2,3,0,1,3,2,24,0,A,5,#NULL!,#NULL!,#NULL!
1,2,3,0,1,0,0,27,2,A,5,#NULL!,#NULL!,#NULL!
1,1,4,0,28,2,0,0,0,S,3,#NULL!,#NULL!,#NULL!
1,2,4,7,9,0,14,0,0,P,4,#NULL!,#NULL!,#NULL!
1,2,4,2,6,8,8,2,4,O,5,#NULL!,#NULL!,#NULL!
1,1,4,0,17,1,9,3,0,S,4,#NULL!,#NULL!,#NULL!
1,2,4,0,1,5,10,5,9,P,4,#NULL!,#NULL!,#NULL!
1,1,4,0,0,1,4,12,13,C,5,#NULL!,#NULL!,#NULL!
1,1,4,0,0,0,4,12,14,C,5,#NULL!,#NULL!,#NULL!
1,1,4,0,2,0,4,24,0,A,5,#NULL!,#NULL!,#NULL!
1,1,5,4,2,1,7,1,15,C,3,#NULL!,#NULL!,#NULL!
1,1,5,0,4,6,11,2,7,P,4,#NULL!,#NULL!,#NULL!
2,2,4,4,0,14,4,0,8,O,3,#NULL!,#NULL!,#NULL!
2,2,4,2,0,2,6,19,0,A,3,#NULL!,#NULL!,#NULL!
2,2,3,0,16,0,0,1,13,S,3,#NULL!,#NULL!,#NULL!
2,2,3,1,2,3,0,1,23,C,5,#NULL!,#NULL!,#NULL!
2,1,3,0,5,6,7,2,10,C,5,#NULL!,#NULL!,#NULL!
2,2,3,3,19,4,0,4,0,S,3,#NULL!,#NULL!,#NULL!
2,1,3,3,7,4,5,5,5,S,5,#NULL!,#NULL!,#NULL!
2,1,3,0,7,2,0,7,14,C,5,#NULL!,#NULL!,#NULL!
2,1,3,1,0,0,19,10,0,P,4,#NULL!,#NULL!,#NULL!
2,1,3,2,6,3,5,11,3,A,5,#NULL!,#NULL!,#NULL!
2,1,3,0,8,0,6,12,4,A,5,#NULL!,#NULL!,#NULL!
2,2,3,1,3,3,3,15,5,A,5,#NULL!,#NULL!,#NULL!
2,1,4,0,1,0,29,0,0,P,5,#NULL!,#NULL!,#NULL!
2,2,4,8,14,8,0,0,0,S,4,#NULL!,#NULL!,#NULL!
2,2,4,1,0,0,0,0,29,C,5,#NULL!,#NULL!,#NULL!
2,2,4,8,9,12,0,1,0,O,4,#NULL!,#NULL!,#NULL!
2,1,4,0,3,0,25,2,0,P,4,#NULL!,#NULL!,#NULL!
2,2,4,0,15,4,9,2,0,S,3,#NULL!,#NULL!,#NULL!
2,1,4,4,8,13,0,5,0,O,4,#NULL!,#NULL!,#NULL!
2,2,4,0,0,0,7,5,18,C,5,#NULL!,#NULL!,#NULL!
2,2,4,1,4,4,3,9,9,C,4,#NULL!,#NULL!,#NULL!
2,2,4,0,1,2,8,11,8,A,5,#NULL!,#NULL!,#NULL!
2,2,4,0,7,0,3,13,7,A,4,#NULL!,#NULL!,#NULL!
2,1,4,0,9,3,1,17,0,A,4,#NULL!,#NULL!,#NULL!
2,2,4,2,0,0,0,28,0,A,5,#NULL!,#NULL!,#NULL!
2,2,5,0,17,0,3,7,3,S,3,#NULL!,#NULL!,#NULL!
2,2,5,1,7,0,4,12,6,A,4,#NULL!,#NULL!,#NULL!
2,1,5,0,1,2,24,3,0,P,3,#NULL!,#NULL!,#NULL!
2,1,5,0,0,0,24,6,0,P,3,#NULL!,#NULL!,#NULL!
3,1,5,0,15,7,4,4,0,S,3,#NULL!,#NULL!,#NULL!
3,1,5,0,8,4,5,4,9,C,3,#NULL!,#NULL!,#NULL!
3,2,5,2,7,5,0,9,6,A,4,#NULL!,#NULL!,#NULL!
3,2,5,4,10,1,0,10,5,A,4,#NULL!,#NULL!,#NULL!
3,2,3,2,0,2,4,4,18,C,5,#NULL!,#NULL!,#NULL!
3,2,3,0,3,4,21,2,0,P,5,#NULL!,#NULL!,#NULL!
3,2,4,2,8,3,1,11,2,A,4,#NULL!,#NULL!,#NULL!
3,2,4,4,8,3,1,8,6,A,4,#NULL!,#NULL!,#NULL!
3,1,4,0,0,2,0,3,25,C,4,#NULL!,#NULL!,#NULL!
3,1,4,0,7,18,2,3,0,O,4,#NULL!,#NULL!,#NULL!
3,1,4,5,4,0,6,0,15,C,5,#NULL!,#NULL!,#NULL!
3,1,4,3,8,1,2,0,17,C,5,#NULL!,#NULL!,#NULL!
3,1,4,0,2,0,6,8,14,C,5,#NULL!,#NULL!,#NULL!
3,1,4,0,0,0,4,5,21,C,5,#NULL!,#NULL!,#NULL!
3,1,4,0,28,1,0,0,1,S,3,#NULL!,#NULL!,#NULL!
3,1,4,0,22,0,2,0,6,S,3,#NULL!,#NULL!,#NULL!
3,1,4,4,4,4,0,18,0,A,5,#NULL!,#NULL!,#NULL!
3,1,4,0,5,0,6,19,0,A,5,#NULL!,#NULL!,#NULL!
5,1,3,3,4,3,2,3,15,C,5,3,2,1
5,2,3,15,12,1,0,2,0,U,4,2,1,2
5,2,4,1,1,0,0,0,28,C,5,4,2,1
5,2,4,0,2,1,11,15,1,A,2,2,1,2
5,2,4,0,0,2,23,5,0,P,3,2,1,2
5,1,4,0,0,0,0,0,30,C,4,3,1,2
5,2,4,0,3,3,8,11,4,A,4,4,2,1
5,1,4,4,4,6,3,2,11,C,4,3,2,1
5,1,5,0,0,0,0,0,30,C,5,3,2,1
5,1,3,0,2,1,4,8,15,C,5,3,2,1
5,2,3,0,9,0,0,5,16,C,4,2,1,2
5,2,4,7,0,0,0,0,23,C,5,4,2,1
5,2,4,2,4,2,21,1,0,P,2,2,1,2
5,2,4,0,0,0,5,25,0,A,3,2,1,2
5,1,4,0,0,0,8,10,12,C,4,3,1,2
5,2,4,0,3,11,11,3,2,P,4,4,2,1
5,1,4,9,9,0,6,3,3,S,4,3,2,1
5,1,5,0,0,0,0,0,30,C,5,3,2,1
6,1,5,0,4,6,5,6,9,C,4,3,1,1
6,1,5,0,7,3,1,18,1,A,4,3,1,1
6,2,4,2,2,0,0,0,26,C,5,4,1,1
6,2,4,3,2,0,0,0,25,C,5,4,1,1
6,2,3,2,5,5,2,9,8,A,3,2,2,2
6,2,3,1,4,0,4,7,14,C,3,2,2,2
6,1,5,0,8,4,4,3,10,C,5,3,1,1
6,1,5,3,8,1,4,0,14,C,5,3,1,1
6,2,4,5,10,7,8,0,0,S,4,4,1,1
6,2,4,0,24,6,0,0,0,S,4,4,1,1
6,2,4,1,0,16,0,5,8,O,3,3,2,2
6,2,4,2,12,5,5,5,1,S,3,3,2,2
6,1,4,9,2,6,1,7,5,U,3,2,2,2
6,1,4,4,3,4,0,12,7,A,3,2,2,2
6,2,3,7,13,5,0,4,1,S,2,1,2,1
6,2,3,4,15,7,4,0,0,S,2,1,2,1
6,2,4,0,8,5,0,0,17,C,2,2,1,2
6,2,4,0,9,9,2,2,8,O,2,2,1,2